let	let	let
be	biː	biː
friend	freɪnd	freɪnd
hello	həˈləʊ	həˈləʊ
nice	naɪs	naɪs
to	tuː	tuː
meet	miːt	miːt
you	juː	juː
too	tuː	tuː
good	ɡʊd	ɡʊd
morning	ˈmɔːrnɪŋ	ˈmɔːnɪŋ
I	aɪ	aɪ
fine	faɪn	faɪn
how	haʊ	haʊ
do	duː	duː
like	laɪk	laɪk
science	ˈsaɪəns	ˈsaɪəns
my	maɪ	maɪ
name	neɪm	neɪm
read	riːd	riːd
love	lʌv	lʌv
hike	haɪk	haɪk
enjoy	ɪnˈdʒɔɪ	ɪnˈdʒɔɪ
play	pleɪ	pleɪ
football	ˈfʊtbɔːl	ˈfʊtbɔːl
sing	sɪŋ	sɪŋ
Miss	mɪs	mɪs
picnic	ˈpɪknik	ˈpɪknik
weather	ˈweðə(r)	ˈweðə(r)
season	ˈsiːzn	ˈsiːzn
why	wai	wai
rain	reɪn	reɪn
dry	draɪ	draɪ
badminton	ˈbædmɪntən	ˈbædmɪntən
baseball	ˈbeɪsbɔːl	ˈbeɪsbɔːl
phone	fəʊn	fəʊn
shoe	ʃuː	ʃuː
sorry	ˈsɔːri	ˈsɒri
homework	ˈhəʊmwɜːrk	ˈhəʊmwɜːk
hope	həʊp	həʊp
yo-yo	ˈjəʊ jəʊ	ˈjəʊ jəʊ
long	lɔːŋ	lɒŋ
cloudy	ˈklaʊdi	ˈklaʊdi
outdoors	aʊtˈdɔːrz	aʊtˈdɔːz
rainy	ˈreɪni	ˈreɪni
indoors	ɪnˈdɔːrz	ɪnˈdɔːz
exercise	ˈeksərsaɪz	ˈeksəsaɪz
health	helθ	helθ
tip	tɪp	tɪp
right	raɪt	raɪt
important	ɪmˈpɔːtnt	ɪmˈpɔːtnt
before	bɪˈfɔː(r)	bɪˈfɔː(r)
team	tiːm	tiːm
give	ɡɪv	ɡɪv
keep	kiːp	kiːp
pass	pæs	pɑːs
win	wɪn	wɪn
wish	wɪʃ	wɪʃ
feel	fiːl	fiːl
star	stɑː(r)	stɑː(r)
use	juːz	juːz
grape	ɡreɪp	ɡreɪp
fast	fæst	fɑːst
feed	fiːd	fiːd
bird	bɜːrd	bɜːd
red	red	red
lake	leɪk	leɪk
Tai Chi	ˈtaɪ tʃi	ˈtaɪ tʃi
when	wɛn	wɛn
ski	ski	ski
hometown	ˈhəʊmtəʊn	ˈhəʊmtəʊn
travel	ˈtreɪvl	ˈtreɪvl
mountain	ˈmaʊntn	ˈmaʊntən
turn	tɜːrn	tɜːn
move	muːv	muːv
survey	ˈsɜːrveɪ	ˈsɜːveɪ
week	wiːk	wiːk
hour	ˈaʊə(r)	ˈaʊə(r)
result	rɪˈzʌlt	rɪˈzʌlt
cap	kæp	kæp
pair	per	peə(r)
shorts	ʃɔːrts	ʃɔːts
zoo	zuː	zuː
wind	wɪnd	wɪnd
leg	leg	leg
race	reɪs	reɪs
side	saɪd	saɪd
even	iːvən	iːvən
write	raɪt	raɪt
down	daʊn	daʊn
nature	ˈneɪtʃə(r)	ˈneɪtʃə(r)
sea	siː	siː
desert	ˈdezərt	ˈdezət
rainforest	ˈreɪnfəʊrɪst	ˈreɪnfɒrɪst
waterfall	ˈwɔːtərfɔːl	ˈwɔːtəfɔːl
grassland	ˈɡræsˌlænd	ˈɡrɑːsˌlænd
wet	wet	wet
plant	plænt	plɑːnt
animal	ˈænɪməl	ˈænɪməl
fall	fɔːl	fɔːl
hill	hɪl	hɪl
grass	ɡræs	ɡrɑːs
elephant	ˈelɪfənt	ˈelɪfənt
air	er	eə(r)
top	tɑːp	tɒp
place	pleɪs	pleɪs
climate	ˈklɑːmət	ˈklɑːmət
house	haʊs	haʊs
window	ˈwɪndəʊ	ˈwɪndəʊ
get	ɡet	ɡet
bat	bæt	bæt
fly	flaɪ	flaɪ
active	ˈæktɪv	ˈæktɪv
night	naɪt	naɪt
panda	ˈpændə	ˈpændə
tail	tɛɪl	tɛɪl
bamboo	bæmˈbuː	bæmˈbuː
brown	braʊn	braʊn
bear	ber	beəˈbɛə(r)
forest	ˈfɔːrɪst	ˈfɔːrɪst
north	nɔːrθ	nɔːθ
fish	fɪʃ	fɪʃ
think	θɪŋk	θɪŋk
these	ðiːz	ðiːz
grow	ɡrəʊ	ɡrəʊ
May	meɪ	meɪ
June	dʒuːn	dʒuːn
green	ɡriːn	ɡriːn
plenty	ˈplenti	ˈplenti
few	fjuː	fjuː
wonder	ˈwʌndə(r)	ˈwʌndə(r)
main	meɪn	meɪn
difference	ˈdɪfrəns	ˈdɪfrəns
horse	hɔːrs	hɔːs
drink	drɪŋk	drɪŋk
earth	ɜːθ	ɜːθ
egg	eg	eg
cow	kaʊ	kaʊ
map	mæp	mæp
apple	ˈæpl	ˈæpl
sky	skaɪ	skaɪ
windy	ˈwɪndi	ˈwɪndi
kite	kaɪt	kaɪt
orange	ˈɔːrɪndʒ	ˈɒrɪndʒ
bee	biː	biː
shark	ʃɑːrk	ʃɑːk
climb	klɪm	klɪm
monkey	ˈmʌŋki	ˈmʌŋki
butterfly	ˈbʌtərflaɪ	ˈbʌtəflaɪ
duck	dʌk	dʌk
call	kɔːl	kɔːl
understand	ʌndəˈstænd	ʌndəˈstænd
wild	waɪld	waɪld
rest	rest	rest
under	ˈʌndə(r)	ˈʌndə(r)
bring	brɪŋ	brɪŋ
importance	ɪmˈpɔːrts	ɪmˈpɔːtns
fresh	freʃ	freʃ
everyday	ˈevriːdeɪ	ˈevriːdeɪ
milk	mɪlk	mɪlk
south	saʊθ	saʊθ
will	wɪl	wɪl
world	wɜːrld	wɜːld
healthy	ˈhelθi	ˈhelθi
fire	ˈfaɪə(r)	ˈfaɪə(r)
noodle	ˈnuːdl	ˈnuːdl
dumpling	ˈdʌmplɪŋ	ˈdʌmplɪŋ
river	ˈrɪvə(r)	ˈrɪvə(r)
vegetable	ˈvedʒtəbl	ˈvedʒtəbl
rice	raɪs	raɪs
celebrate	ˈselɪbreɪt	ˈselɪbreɪt
double	ˈdʌbl	ˈdʌbl
ninth	ˈnaɪnθ	ˈnaɪnθ
festival	ˈfestɪvl	ˈfestɪvl
tomb	tʌm	tʌm
sweep	swɪp	swɪp
dragon	ˈdræɡən	ˈdræɡən
lantern	ˈlæntərn	ˈlæntən
lunar	ˈluːnə(r)	ˈluːnə(r)
August	ˈɔːɡəst	ˈɔːɡəst
mooncake	ˈmuːnkeɪk	ˈmuːnkeɪk
moon	muːn	muːn
January	ˈdʒænjuəri	ˈdʒænjuəri
lucky	ˈlʌki	ˈlʌki
money	ˈmʌni	ˈmʌni
around	əˈraʊnd	əˈraʊnd
April	ˈeɪprəl	ˈeɪprəl
late	let	let
month	mʌnθ	mʌnθ
July	dʒuˈlaɪ	dʒuˈlaɪ
fifth	fɪfθ	fɪfθ
labour	ˈleɪbə(r)	ˈleɪbə(r)
holiday	ˈhaɪlədeɪ	ˈhɒlədeɪ
buy	bai	bai
remember	rɪˈmembə(r)	rɪˈmembə(r)
thank	θæŋk	θæŋk
Christmas	ˈkrɪsməs	ˈkrɪsməs
light	laɪt	laɪt
paper	ˈpeɪpə(r)	ˈpeɪpə(r)
then	ðen	ðen
present	ˈpreznt	ˈpreznt
Confucius	kənˈfjuːəs	kənˈfjuːəs
thinker	ˈθɪŋkə(r)	ˈθɪŋkə(r)
word	wɜːrd	wɜːd
another	əˈnʌðə(r)	əˈnʌðə(r)
September	septˈembə(r)	septˈembə(r)
should	ʃʊd	ʃʊd
couplet	ˈkʌplət	ˈkʌplət
last	læst	lɑːst
celebration	ˌselɪˈbreɪʃn	ˌselɪˈbreɪʃn
kitchen	ˈkɪtʃn	ˈkɪtʃn
delicious	dɪˈlɪʃəs	dɪˈlɪʃəs
meal	miːl	miːl
finally	ˈfaɪnəli	ˈfaɪnəli
excited	ɪkˈsaɪtɪd	ɪkˈsaɪtɪd
spend	spend	spend
author	ˈɔːθə(r)	ˈɔːθə(r)
thirteenth	ˌθɜːrˈtiːnθ	ˌθɜːˈtiːnθ
birthday	ˈbɜːθdeɪn	ˈbɜːθdeɪ
hundred	ˈhʌndrəd	ˈhʌndrəd
second	ˈsekənd	ˈsekənd
third	θɜːrd	θɜːd
nine	naɪn	naɪn
twelfth	ˈtwelfθ	ˈtwelfθ
twentieth	ˈtwentiθ	ˈtwentiθ
forty	ˈfɔːrti	ˈfɔːti
fortieth	ˈfɔːrtiθθ	ˈfɔːtiθθ
fifty	ˈfɪfti	ˈfɪfti
ninety	ˈnaɪnti	ˈnaɪnti
fourth	fɔːrθ	fɔːθ
themselves	ðəmsˈselvz	ðəmsˈselvz
hang	hæŋ	hæŋ
date	deɪt	deɪt
square	skwer	skweə(r)
street	ˈstrɪt	ˈstrɪt
prepare	prɪˈper	prɪˈpeə(r)
guess	ɡes	ɡes
riddle	ˈrɪdl	ˈrɪdl
lastly	ˈlæstli	ˈlɑːstli
poster	ˈpəʊstə(r)	ˈpəʊstə(r)
traditional	trəˈdɪʃənl	trəˈdɪʃənl
February	ˈfebruəri	ˈfebruəri
March	mɑːrtʃ	mɑːtʃ
republic	rɪˈpʌblɪk	rɪˈpʌblɪk
Sunday	ˈsʌndi	ˈsʌndə
cake	keɪk	keɪk
calendar	ˈkæləndə(r)	ˈkæləndə(r)
wonderful	ˈwʌndərfl	ˈwʌndəfl
December	dɪˈsembə(r)	dɪˈsembə(r)
midnight	ˈmɪdnɪt	ˈmɪdnɪt
bell	bel	bel
ring	rɪŋ	rɪŋ
say	seɪ	seɪ
luck	lʌk	lʌk
idea	aɪˈdiːə	aɪˈdɪə
what	wʌt	wɒt
your	jʊər	jɔː(r)
please	pliːz	pliːz
dance	dæns	dɑːns
eleven	ɪˈlevn	ɪˈlevn
twelve	ˈtwelv	ˈtwelv
thirteen	ˌθɜːˈtɪn	ˌθɜːˈtɪn
fourteen	ˈfɜːˈtɪn	ˈfɔːˈtɪn
fifteen	ˈfɪfˈtɪn	ˈfɪfˈtɪn
sixteen	ˈsɪksˈtɪn	ˈsɪksˈtɪn
seventeen	ˈsevnˈtɪn	ˈsevnˈtɪn
eighteen	ˈeɪˈtɪn	ˈeɪˈtɪn
nineteen	ˈnænˈtɪn	ˈnænˈtɪn
twenty	ˈtwenti	ˈtwenti
hi	haɪ	haɪ
this	ðɪs	ðɪs
where	wer	weəˈr
from	frʌm	frʌm
and	ænd	ænd
in	ɪn	ɪn
class	klæs	klɑːs
grade	ɡreɪd	ɡreɪd
which	wɪtʃ	wɪtʃ
classmate	ˈklæsmət	ˈklɑːsmət
old	əʊld	əʊld
year	jɪər	jɪə(r)
see	siː	siː
tall	tɔːl	tɔːl
friendly	ˈfrendli	ˈfrendli
three	θriː	θriː
seven	ˈsevn	ˈsevn
kind	kʌnd	kʌnd
draw	drɔː	drɔː
short	ʃɔːrt	ʃɔːt
strong	strɔːŋ	strɒŋ
thin	θɪn	θɪn
run	rʌn	rʌn
cook	kʊk	kʊk
helpful	ˈhelpfl	ˈhelpfl
quiet	ˈkwaɪət	ˈkwaɪət
all	ɔːl	ɔːl
need	niːd	niːd
young	jʌŋ	jʌŋ
together	təˈɡeðə(r)	təˈɡeðə(r)
help	help	help
each	iːtʃ	iːtʃ
other	ˈʌðə(r)	ˈʌðə(r)
best	best	best
six	siks	siks
here	hɪr	hiə(r)
at	æt	æt
have	hæv	hæv
has	hæz	hæz
they	ðeɪ	ðeɪ
it	ɪt	ɪt
dog	dɒɡ	dɒɡ
big	bɪɡ	bɪɡ
ear	ɪr	ɪə(r)
cat	kæt	kæt
black	blæk	blæk
one	wʌn	wʌn
yes	jes	jes
that	ðæt	ðæt
boy	bɔɪ	bɔɪ
no	nəʊ	nəʊ
not	nɒt	nɒt
age	eɪdʒ	eɪdʒ
swim	swɪm	swɪm
girl	ɡɪl	ɡɪl
book	bʊk	bʊk
thing	θɪŋ	θɪŋ
such	sʌtʃ	sʌtʃ
great	ɡreɪt	ɡreɪt
time	taɪm	taɪm
know	nəʊ	nəʊ
card	kɑːrd	kɑːd
talk	tɑːk	tɑːk
much	mʌtʃ	mʌtʃ
different	ˈdɪfrənt	ˈdɪfrənt
Mr	ˈmʌstə(r)	ˈmʌstə(r)
four	fɔː(r)	fɔː(r)
family	ˈfæməli	ˈfæməli
grandfather	ˈɡrænfɑːðə(r)	ˈɡrænfɑːðə(r)
grandpa	ˈɡrænpɑː	ˈɡrænpɑː
grandmother	ˈɡrænmʌðə(r)	ˈɡrænmʌðə(r)
grandma	ˈɡrænmɑː	ˈɡrænmɑː
father	ˈfɑːðə(r)	ˈfɑːðə(r)
mother	ˈmʌðə(r)	ˈmʌðə(r)
uncle	ˈʌŋkl	ˈʌŋkl
aunt	ænt	ɑːnt
sister	ˈsɪstə(r)	ˈsɪstə(r)
cousin	ˈkʌzn	ˈkʌzn
student	ˈstjuːdnt	ˈstjuːdnt
teacher	ˈtiːtʃə(r)	ˈtiːtʃə(r)
man	mæn	mæn
men	men	men
always	ˈɔːlweɪz	ˈɔːlweɪz
wear	wer	weə(r)
tie	taɪ	taɪ
worker	ˈwɜːkər	ˈwɜːkə(r)
doctor	ˈdɑːktər	ˈdɒktə(r)
nurse	nɜːrs	nɜːs
white	waɪt	waɪt
shirt	ʃɜːrt	ʃɜːt
bus	bʌs	bʌs
driver	ˈdraɪvə(r)	ˈdraɪvə(r)
woman	ˈwʊmən	ˈwʊmən
women	ˈwɪmɪn	ˈwɪmɪn
blue	bluː	bluː
dress	dres	dres
policewoman	pəʊˈliːswʊmən	pəʊˈliːswʊmən
policewomen	pəʊˈliːswɪmɪn	pəʊˈliːswɪmɪn
yellow	ˈjeləʊ	ˈjeləʊ
child	tʃaɪld	tʃaɪld
children	ˈtʃɪldrən	ˈtʃɪldrən
pink	pɪŋk	pɪŋk
toy	tɔɪ	tɔɪ
rabbit	ˈræbɪt	ˈræbɪt
hospital	ˈhɑːspɪtl	ˈhɒspɪtl
restaurant	ˈrestrənt	ˈrestrənt
work	wɜːrk	wɜːk
people	ˈpiːpl	ˈpiːpl
there	ðeər	ðeə(r)
photo	ˈfəʊtəʊ	ˈfəʊtəʊ
photograph	ˈfəʊtəɡræf	ˈfəʊtəɡrɑːf
of	əv	əv
teach	tiːtʃ	tiːtʃ
eight	eɪt	eɪt
so	səʊ	səʊ
pretty	ˈprɪti	ˈprɪti
only	ˈɒnli	ˈɒnli
busy	ˈbɪzi	ˈbɪzi
on	ɑːn	ɒn
Saturday	ˈsætərdɪ	ˈsætədeɪ
basketball	ˈbæskɪtbɔːl	ˈbɑːskɪtbɔːl
noon	nʌn	nʌn
afternoon	ˌæftəˈnʌn	ˌɑːftəˈnʌn
parent	ˈperənt	ˈpeərənt
visit	ˈvɪzɪt	ˈvɪzɪt
grandparent	ˈɡrænperənt	ˈɡrænpeərənt
eat	iːt	iːt
watch	wɑːtʃ	wɒtʃ
television	ˈtelɪvɪʒn	ˈtelɪvɪʒn
chore	tʃɔː(r)	tʃɔː(r)
go	ɡəʊ	ɡəʊ
park	pɑːrk	pɑːk
shop	ʃəp	ʃɒp
walk	wɔːk	wɔːk
live	lɪv	lɪv
small	smɔːl	smɔːl
his	hɪz	hɪz
him	hɪm	hɪm
some	sʌm	sʌm
most	məʊst	məʊst
their	ðer	ðeə(r)
text	tekst	tekst
about	əˈbaʊt	əˈbaʊt
tree	triː	triː
show	ʃəʊ	ʃəʊ
after	əˈfɑːtər	əˈfɑːt(r)
weekend	ˈwiːkənd	ˌwiːkˈend
dinner	ˈdɪnə(r)	ˈdɪnə(r)
something	ˈsʌmθɪŋ	ˈsʌmθɪŋ
food	fuːd	fuːd
set	set	set
table	ˈteɪbl	ˈteɪbl
clean	kliːn	kliːn
up	ʌp	ʌp
job	dʒəb	dʒɒb
whose	huːz	huːz
its	ɪts	ɪts
Mrs	ˈmɪsɪz	ˈmɪsɪz
son	sʌn	sʌn
ride	raɪd	raɪd
bike	baɪk	baɪk
bicycle	ˈbaɪsɪkl	ˈbaɪsɪkl
well	wel	wel
or	ɔː(r)	ɔː(r)
tell	tel	tel
sport	spɔːrt	spɔːt
sometimes	ˈsʌmtaɪmz	ˈsʌmtaɪmz
film	film	film
home	həʊm	həʊm
member	ˈmembə(r)	ˈmembə(r)
activity	ˈækˈtɪvəti	ˈækˈtɪvəti
maths	maθs	maθs
math	maθ	maθ
study	ˈstʌdi	ˈstʌdi
hard	hɑːrd	hɑːd
middle	ˈmɪdl	ˈmɪdl
every	ˈevri	ˈevri
day	deɪ	deɪ
look	lʊk	lʊk
high	hɑɪ	hɑɪ
lot	lɑːt	lɒt
colourful	ˈkʌləfl	ˈkʌləfl
life	laɪf	laɪf
lives	laɪvz	laɪvz
biology	baiˈɑːlədʒi	baiˈblɒdʒi
Chinese	ˌtʃiˈfɑːnɪz	ˌtʃiˈfɑːnɪz
geography	dʒiˈɑːgrəfi	dʒiˈɒɡrəfi
art	ɑːrt	ɑːt
history	ˈhɪstri	ˈhɪstri
computer	ˈkʌmˈpjuːtə(r)	ˈkʌmˈpjuːtə(r)
Wednesday	ˈwenzdeɪ	ˈwenzdeɪ
English	ˈɪŋɡlɪʃ	ˈɪŋɡlɪʃ
begin	bɪˈɡɪn	bɪˈɡɪn
o'clock	əˈklɑːk	əˈklɒk
ten	ten	ten
half	hæf	hɑːf
past	pæst	pɑːst
over	ˈəʊvə(r)	ˈəʊvə(r)
quarter	ˈkwɜːtər	ˈkwɜːtə(r)
now	nəʊ	nəʊ
favourite	ˈfeɪvərɪt	ˈfeɪvərɪt
Thursday	ˈθɜːrdʒeɪ	ˈθɜːdʒeɪ
by	baɪ	baɪ
underground	ˈʌndərɡraʊnd	ˈʌndəɡraʊnd
plane	pleɪn	pleɪn
foot	fʊt	fʊt
feet	fɪːt	fɪːt
car	kɑː(r)	kɑː(r)
train	treɪn	treɪn
ship	ʃɪp	ʃɪp
boat	bəʊt	bəʊt
way	weɪ	weɪ
stop	stɑːp	stɒp
come	kʌm	kʌm
far	fɑː(r)	fɑː(r)
never	ˈnevə(r)	ˈnevə(r)
take	teɪk	teɪk
seldom	ˈseldəm	ˈseldəm
near	nɪr	nɪə(r)
library	ˈlaɪbrəri	ˈlaɪbrəri
building	ˈbɪldɪŋ	ˈbɪldɪŋ
floor	flɔː(r)	flɔː(r)
five	faɪv	faɪv
playground	ˈpleɪgraʊnd	ˈpleɪgraʊnd
next	nekst	nekst
garden	ˈɡɑːrdn	ˈɡɑːdn
flower	ˈflaʊə(r)	ˈflaʊə(r)
tidy	ˈtaɪdi	ˈtaɪdi
club	klʌb	klʌb
open	ˈəʊpən	ˈəʊpən
p.m.	pɪˈmiːm	pɪˈmiːm
Tuesday	ˈtuːzdeɪ	ˈtjuːzdeɪ
hall	hɔːl	hɔːl
song	sɔːŋ	sɒŋ
put	pʊt	pʊt
water	ˈwɔːtə(r)	ˈwɔːtə(r)
game	ɡeɪm	ɡeɪm
fun	fʌn	fʌn
raise	reɪz	reɪz
national	ˈnæʃnəl	ˈnæʃnəl
flag	flæɡ	flæɡ
start	ˈstɑːt	stɑːt
first	ˈfɜːst	fɜːst
a.m.	eɪˈem	eɪˈem
make	meɪk	meɪk
hand	hænd	hænd
answer	ˈɑːnsər	ˈɑːnsə(r)
question	ˈkwɛstʃən	ˈkwɛstʃən
box	bɑːks	bɒks
knife	naɪf	naɪf
knives	naɪvz	naɪvz
glass	ɡlæs	ɡlɑːs
dish	dɪʃ	dɪʃ
tomato	təˈmeɪtəʊ	təˈmɑːtəʊ
country	ˈkʌntri	ˈkʌntri
American	əˈmerɪkən	əˈmerɪkən
during	ˈdɜːrɪŋ	dɪˈdʒɔːrɪŋ
classroom	ˈklæsrʊm	ˈklɑːsrʊm
part	pɑːrt	pɑːt
bottle	ˈbɑːtl	ˈbɒtl
any	ˈeni	ˈeni
juice	dʒuːs	dʒuːs
blackboard	ˈblækbɔːrd	ˈblækbɔːd
desk	desk	desk
chair	tʃeər	tʃeə(r)
pencil	ˈpensl	ˈpensl
ruler	ˈruːlə(r)	ˈruːlə(r)
schoolbag	ˈskuːlbaɪg	ˈskuːlbaɪg
ball	bɔːl	bɔːl
find	faɪnd	faɪnd
lost	lɒst	lɒst
colour	ˈkʌlə(r)	ˈkʌlə(r)
end	end	end
learn	lɜːrn	lɜːn
join	dʒɔɪn	dʒɔɪn
web	web	web
page	peɪdʒ	peɪdʒ
city	ˈsɪti	ˈsɪti
welcome	ˈwelkəm	ˈwelkəm
out	aʊt	aʊt
more	mɔː(r)	mɔː(r)
want	wɑːnt	wɒnt
because	bɪˈkɔːz	bɪˈkɑːz
writer	ˈraɪtə(r)	ˈraɪtə(r)
ask	æsk	ɑːsk
sun	sʌn	sʌn
spring	sprɪŋ	sprɪŋ
summer	ˈsʌmə(r)	ˈsʌmə(r)
autumn	ˈɔːtəm	ˈɔːtəm
winter	ˈwɪntə(r)	ˈwɪntə(r)
hot	hɑːt	hɒt
cool	kuːl	kuːl
cold	kɒld	kɒld
warm	wɔːrm	wɔːm
snow	snəʊ	snəʊ
snowman	ˈsnəʊmən	ˈsnəʊmən
sunny	ˈsʌni	ˈsʌni
today	təˈdeɪ	təˈdeɪ
smart	ˈsmɑːt	ˈsmɑːt
shopper	ˈʃɑːpər	ˈʃɒpə(r)
mall	mɔːl	mɔːl
market	ˈmɑːrkɪt	ˈmɑːkɪt
bookstore	ˈbʊkstɔː(r)	ˈbʊkstɔː(r)
supermarket	ˈsuːpəmɑːrkɪt	ˈsuːpəmɑːkɪt
yuan	juːˈɑːn	juːˈɑːn
sell	sel	sel
fruit	fruːt	fruːt
scarf	ˈskɑːrf	skɑːf
sure	ʃʊər	ʃʊə(r)
list	lɪst	lɪst
bag	bæɡ	bæɡ
strawberry	ˈstrəʊbəri	ˈstrəʊbəri
kilo	ˈkiːləʊ	ˈkiːləʊ
kilogram	ˈkɪləɡræm	ˈkɪləɡræm
coffee	ˈkɒːfi	ˈkɒfi
cabbage	ˈkæbɪdʒ	ˈkæbɪdʒ
chicken	ˈtʃɪkɪn	ˈtʃɪkɪn
tofu	ˈtəʊfuː	ˈtəʊfuː
watermelon	ˈwɔːtəmələn	ˈwɔːtəmələn
carrot	ˈkærət	ˈkærət
camera	ˈkæmərə	ˈkæmərə
trousers	ˈtraʊzərz	ˈtraʊzəz
party	ˈpɑːrti	ˈpɑːti
everything	ˈevrɪθɪŋ	ˈevrɪθɪŋ
sale	seɪl	seɪl
online	ˌɒnˈlaɪn	ˌɒnˈlaɪn
mum	mʌm	mʌm
mom	mɑːm	mɒm
helmet	ˈhelmɪt	ˈhelmɪt
rider	ˈraɪdə(r)	ˈraɪdə(r)
meeting	ˈmiːtɪŋ	ˈmiːtɪŋ
manner	ˈmænə(r)	ˈmænə(r)
seat	siːt	siːt
person	ˈpɜːsɪn	ˈpɜːsɪn
wrong	rɔːŋ	rɒŋ
plate	pliːt	pliːt
chopstick	ˈtʃɑːpstɪk	ˈtʃɒpstɪk
point	pɔɪnt	pɔɪnt
drama	ˈdrɑːmə	ˈdrɑːmə
newspaper	ˈnuːzpeɪpər	ˈnjuːzpeɪpə(r)
cheer	tʃɪr	tʃɪə(r)
shoot	ʃuːt	ʃuːt
practice	ˈpræktɪs	ˈpræktɪs
hole	həʊl	həʊl
kick	kɪk	kɪk
fail	feɪl	feɪl
true	truː	truː
skill	skɪl	skɪl
teamwork	ˈtiːmwɜːrk	ˈtiːmwɜːk
player	ˈpleɪə(r)	ˈpleɪə(r)
taxi	ˈtæksi	ˈtæksi
divide	dɪˈvaɪd	dɪˈvaɪd
become	bɪˈkʌm	bɪˈkʌm
teammate	ˈtiːmmeɪt	ˈtiːmmeɪt
heart	hɑːrt	hɑːt
close	kləʊs	kləʊs
improve	ɪmˈpruːv	ɪmˈpruːv
hero	ˈhɪərəʊ	ˈhɪərəʊ
engineer	ˌendʒɪˈnɪə(r)	ˌendʒɪˈnɪə(r)
company	ˈkʌmpəni	ˈkʌmpəni
villager	ˈvɪlɪdʒə(r)	ˈvɪlɪdʒə(r)
tasty	ˈteɪsti	ˈteɪsti
means	miːnz	miːnz
loss	lɒs	lɒs
taste	teɪst	teɪst
difficulty	ˈdɪfɪkəti	ˈdɪfɪkəti
voice	vɔɪs	vɔɪs
proudly	ˈpraʊdli	ˈpraʊdli
painting	ˈpeɪntɪŋ	ˈpeɪntɪŋ
discuss	dɪˈskʌs	dɪˈskʌs
writing	ˈraɪtɪŋ	ˈraɪtɪŋ
sound	səund	səund
soccer	ˈsɑːkər	ˈsəkə(r)
channel	ˈtʃænl	ˈtʃænl
tunnel	ˈtʌnl	ˈtʌnl
difficult	ˈdɪfɪklət	ˈdɪfɪklət
project	ˈprɑːdʒekt	ˈprɒdʒekt
British	ˈbrɪtɪʃ	ˈbrɪtɪʃ
dream	driːm	driːm
chalk	tʃɔːk	tʃɔːk
copy	ˈkɑːpi	ˈkɒpi
support	səˈpɔːt	səˈpɔːt
task	tæsk	tɑːsk
goal	ɡəʊl	ɡəʊl
face	feɪs	feɪs
trust	trʌst	trʌst
lunch	lʌntʃ	lʌntʃ
rainbow	ˈraɪnbəʊ	ˈraɪnbəʊ
mistake	mɪˈsteɪk	mɪˈsteɪk
peace	paɪs	paɪs
OK	əʊˈkeɪ	əʊˈkeɪ
plan	plæn	plæn
carry	ˈkæri	ˈkæri
heavy	ˈhevi	ˈhevi
price	praɪs	praɪs
skirt	skɜːt	skɜːt
decide	dɪˈsaɪd	dɪˈsaɪd
pocket	ˈpɑːkɪt	ˈpɒkɪt
save	seɪv	seɪv
notebook	ˈnəʊtbʊk	ˈnəʊtbʊk
between	bɪˈtwiːn	bɪˈtwiːn
wisely	ˈwɪzli	ˈwɪzli
waste	weɪst	weɪst
try	traɪ	traɪ
possible	ˈpɑːsəbl	ˈpɒsəbl
store	stɔː(r)	stɔː(r)
careful	ˈkɛrfl	ˈkæʃl
expensive	ɪkˈspensɪv	ɪkˈspensɪv
choice	tʃɔɪs	tʃɔɪs
check	tʃek	tʃek
payment	ˈpeɪmənt	ˈpeɪmənt
again	əˈɡeɪn	əˈɡeɪn
example	ɪɡˈzæmpl	ɪɡˈzɑːmpl
if	ɪf	ɪf
share	ʃər	ʃeə(r)
same	seɪm	seɪm
pay	peɪ	peɪ
piece	paɪs	paɪs
bread	bred	bred
sandwich	ˈsænwɪtʃ	ˈsænwɪtʃ
thirsty	ˈθɜːstɪ	ˈθɜːsti
packet	ˈpækɪt	ˈpækɪt
meat	miːt	miːt
cost	kəʊst	kɒst
bed	bed	bed
breakfast	ˈbrekfəst	ˈbrekfəst
bowl	baʊl	baʊl
scissors	ˈsɪzəz	ˈsɪzəz
colored	ˈkʌlərd	ˈkʌləd
cup	kʌp	kʌp
cotton	ˈkɑːtn	ˈkɒtn
sock	sɑːk	sɒk
may	meɪ	meɪ
honey	ˈhʌni	ˈhʌni
sweater	ˈswetə(r)	ˈswetə(r)
cheap	tʃiːp	tʃiːp
bad	bæd	bæd
group	gruːp	gruːp
carefully	ˈkɛrfəli	ˈkɛrəfəli
ad	æd	æd
advertisement	ædˈvɜːtəzmənt	ədˈvɜːtɪsmənt
beginning	bɪˈɡɪnɪŋ	bɪˈɡɪnɪŋ
banana	bəˈnænə	bəˈnɑːnə
just	dʒʌst	dʒʌst
stay	steɪ	steɪ
size	saɪz	saɪz
special	ˈspeʃəl	ˈspeʃəl
wait	weɪt	weɪt
free	friː	friː
order	ˈɔːrdər	ˈɔːdə(r)
planet	ˈplænɪt	ˈplænɪt
ocean	ˈəʊʃn	ˈəʊʃn
metre	ˈmiːtrə(r)	ˈmiːtrə(r)
kilometre	kɪˈlɒmɪtriː	kɪˈlɒmɪtriː
through	θruː	θruː
eastern	ˈɪstərn	ˈɪstən
freshwater	ˈfriːfwɔːtə(r)	ˈfriːfwɔːtə(r)
million	ˈmɪljən	ˈmɪljən
inland	ˈɪnlənd	ˈɪnlənd
north-east	ˌnɔːrθˈiːst	ˌnɔːrθˈiːst
large	ˈlɑːrdʒ	lɑːdʒ
deep	diːp	diːp
wide	waɪd	waɪd
everywhere	ˈevriːwə(r)	ˈevriːwɜː(r)
ground	ɡraʊnd	ɡraʊnd
form	fɔːrm	fɔːm
cloud	klaʊd	klaʊd
ice	aɪs	aɪs
drop	drɑːp	drɒp
full	fʊl	fʊl
useful	ˈjuːsfɪl	ˈjuːsfɪl
wash	wɑːʃ	wɒʃ
outside	aʊtˈsaɪd	aʊtˈsaɪd
cycle	ˈsaɪkl	ˈsaɪkl
quick	kwɪk	kwɪk
shower	ˈʃaʊə(r)	ˈʃaʊə(r)
off	əˈf	ɒf
tap	tæp	tæp
while	waɪl	waɪl
brush	brʌʃ	brʌʃ
tooth	tuːθ	tuːθ
teeth	tiːθ	tiːθ
reuse	ˌriːjuːz	ˌriːjuːz
matter	ˈmætə(r)	ˈmætə(r)
fact	fækt	fækt
valuable	ˈvæljʊəbl	ˈvæljʊəbl
enough	ɪˈnʌf	ɪˈnʌf
once	wʌns	wʌns
must	mʌst	mʌst
collect	kəˈlekt	kəˈlekt
dig	dɪɡ	dɪɡ
worry	ˈwɜːri	ˈwʌri
story	ˈstɔːri	ˈstɔːri
cover	ˈkʌvə(r)	ˈkʌvə(r)
coastline	ˈkəʊstlaɪn	ˈkəʊstlaɪn
than	ðən	ðæn
thousand	ˈtaʊənd	ˈtaʊənd
eighty	ˈeɪti	ˈeɪti
sixty	ˈsɪksti	ˈsɪksti
billion	ˈbɪljən	ˈbɪljən
per cent	pəˈsent	pəˈsent
percent	pəˈsent	pəˈsent
land	lænd	lænd
knock	nɑːk	nɒk
door	dɔː(r)	dɔː(r)
oh	əʊ	əʊ
step	step	step
litter	ˈlɪtə(r)	ˈlɪtə(r)
suggestion	səˈdʒestʃən	səˈdʒestʃən
search	sɜːrtʃ	sɜːtʃ
information	ˌɪnfəˈrmeɪʃn	ˌɪnfəˈmeɪʃn
introduce	ˌɪntrəˈdjuːs	ˌɪntrəˈdjuːs
machine	məˈʃiːn	məˈʃiːn
dirty	ˈdɪʃtrɪ	ˈdɪʃtiː
bath	bæθ	bɑːθ
throw	θrəʊ	θrəʊ
away	əˈweɪ	əˈweɪ
still	stɪl	stɪl
provide	prəˈvaɪd	prəˈvaɪd
protect	prəˈtekt	prəˈtekt
soil	sɔɪl	sɔɪl
human	ˈhjuːmən	ˈhjuːmən
body	ˈbɑːdi	ˈbɒdi
plastic	ˈplæstɪk	ˈplæstɪk
rubbish	ˈrʌbɪʃ	ˈrʌbɪʃ
bin	bɪn	bɪn
shock	ʃɒk	ʃɒk
later	ˈlætə(r)	ˈlætə(r)
develop	dɪˈveləp	dɪˈveləp
habit	ˈhæbɪt	ˈhæbɪt
count	kaʊnt	kaʊnt
daily	ˈdeɪli	ˈdeɪli
bank	bæŋk	bæŋk
gym	dʒɪm	dʒɪm
gymnasium	dʒɪmˈneɪʒn	dʒɪmˈneɪʒn
hotel	həʊˈtel	həʊˈtel
theatre	ˈθeɪtə(r)	ˈθeɪtə(r)
museum	mjuːˈziːəm	mjuːˈziːəm
road	rəʊd	rəʊd
bridge	brɪdʒ	brɪdʒ
across	əˈkrɒs	əˈkrɒs
corner	ˈkɔːnər	ˈkɔːnə(r)
excuse	ɪkˈskjuːz	ɪkˈskjuːz
cinema	ˈsɪnəmə	ˈsɪnəmə
madam	ˈmædəm	ˈmædəm
could	kʊd	kʊd
policeman	pəˈliːsmən	pəˈliːsmən
policemen	pəˈliːsmən	pəˈliːsmən
line	laɪn	laɪn
station	ˈsteɪʃn	ˈsteɪʃn
change	tʃeɪndʒ	tʃeɪndʒ
minute	ˈmɪnɪt	ˈmɪnɪt
along	əˈlɒŋ	əˈlɒŋ
until	ʌnˈtɪl	ʌnˈtɪl
crossing	ˈkrɒsɪŋ	ˈkrɒsɪŋ
left	left	left
gift	gift	gift
build	bild	bild
speed	spid	spid
sign	sain	sain
stand	stænd	stænd
dark	dɑːrk	dɑːk
row	rəʊ	rəʊ
island	ˈɪlənd	ˈɪlənd
front	frʌnt	frʌnt
safe	seɪf	seɪf
myself	maɪˈself	maɪˈself
evening	ˈevɪŋ	ˈevɪŋ
sad	sæd	sæd
back	bæk	bæk
tent	tent	tent
camp	kæmp	kæmp
unforgettable	ˌʌnˈfɑːrˈɡetəbl	ˌʌnˈfɔːtəbl
trip	trɪp	trɪp
hold	həʊld	həʊld
follow	ˈfɑːləʊ	ˈfɒləʊ
return	rɪˈtɜːrn	rɪˈtɜːn
hug	hʌɡ	hʌɡ
clear	klɪər	klɪə(r)
safety	ˈseɪfti	ˈseɪfti
problem	ˈprɑːbləm	ˈprɒbləm
solve	sɑːlv	sɒlv
behind	bɪˈhaɪnd	bɪˈhaɪnd
post	pəʊst	pəʊst
office	ˈɒfɪs	ˈɒfɪs
village	ˈvɪlɪdʒ	ˈvɪlɪdʒ
beside	bɪˈsaɪd	bɪˈsaɪd
neighbour	ˈneɪbə(r)	ˈneɪbə(r)
happen	ˈhæpən	ˈhæpən
community	kəˈmjuːnəti	kəˈmjuːnəti
add	æd	æd
cry	kraɪ	kraɪ
care	kɛr	keə(r)
suddenly	ˈsʌdəntli	ˈsʌdəntli
shake	ʃeɪk	ʃeɪk
sit	sɪt	sɪt
arrive	əˈraɪv	əˈraɪv
sleep	sliːp	sliːp
soon	suːn	suːn
hear	hɪr	hɪə(r)
kiss	kɪs	kɪs
easy	ˈiːzi	ˈiːzi
centre	ˈsentrə(r)	ˈsentrə(r)
service	ˈsɜːrɪvɪs	ˈsɜːvɪs
pet	pet	pet
Italian	ɪtəˈliːən	ɪtəˈliːən
police	pəˈliːs	pəˈliːs
famous	ˈfeɪməs	ˈfeɪməs
exciting	ɪkˈsaɪtɪŋ	ɪkˈsaɪtɪŋ
tired	ˈtaɪərd	ˈtaɪəd
yours	jɔːrɪ	jɔːr
turning	ˈtɜːrnɪŋ	ˈtɜːnɪŋ
straight	streɪt	streɪt
lend	lend	lend
medical	ˈmedɪkl	ˈmedɪkl
heavily	ˈhevi	ˈhevi
volunteer	ˌvɑːlənˈtɜːr	ˌvɒlˈtɜːnɪtə(r)
yesterday	ˈjestərdə	ˈjestədeɪ
tennis	ˈtenɪs	ˈtenɪs
match	mætʃ	mætʃ
dad	dæd	dæd
exam	ɪɡˈzæm	ɪɡˈzæm
examination	ɪɡˌzæmˈneɪʃən	ɪɡˌzæmˈneɪʃən
repair	rɪˈpɛr	rɪˈpɛə(r)
voluntary	ˈvɑːləntri	ˈvɒləntri
experience	ɪkˈspɪəriəns	ɪkˈspɪəriəns
leave	liːv	liːv
key	kiː	kiː
daughter	ˈdɔːtə(r)	ˈdɔːtə(r)
lose	luːz	luːz
pick	pɪk	pɪk
host	həʊst	həʊst
title	ˈtaɪtl	ˈtaɪtl
ago	əˈɡəʊ	əˈɡəʊ
crowded	ˈkraʊdɪd	ˈkraʊdɪd
meaningful	ˈmiːnɪŋfəl	ˈmiːnɪŋfəl
town	taʊn	taʊn
offer	ˈɒfər	ˈɒfə(r)
chat	tʃæt	tʃæt
kid	kɪd	kɪd
own	əʊn	əʊn
mine	maɪn	maɪn
both	bəʊθ	bəʊθ
cut	kʌt	kʌt
event	ɪˈvent	ɪˈvent
website	ˈwebsaɪt	ˈwebsaɪt
elder	ˈeldə(r)	ˈeldə(r)
lady	ˈleɪdi	ˈleɪdi
better	ˈbetə(r)	ˈbetə(r)
housing	ˈhaʊzɪŋ	ˈhaʊzɪŋ
transportation	ˌtrænspəˈteɪʃn	ˌtrænspəˈteɪʃn
nearby	ˈnɪrˈbai	ˈnɪəbai
public	ˈpʌblɪk	ˈpʌblɪk
space	speɪs	speɪs
item	ˈaɪtəm	ˈaɪtəm
farmer	ˈfɑːrmər	ˈfɑːmə(r)
farm	ˈfɑːrm	fɑːm
drive	draɪv	draɪv
goods	ɡʊdz	ɡʊdz
business	ˈbɪznəs	ˈbɪznəs
rule	ruːl	ruːl
traffic	ˈtræfɪk	ˈtræfɪk
respect	rɪˈspekt	rɪˈspekt
forget	fərˈɡet	fəˈɡet
board	bɔːrd	bɔːd
polite	pəˈlaɪt	pəˈlaɪt
cause	kɔːz	kɔːz
effect	ɪˈfekt	ɪˈfekt
wall	wɔːl	wɔːl
alone	əˈləʊn	əˈləʊn
people	ˈpiːpəʊl	ˈpiːpəʊl
stranger	ˈstrɛndʒə(r)	ˈstrɛndʒə(r)
delivery	dɪˈlɪvəri	dɪˈlɪvəri
accident	ˈæksɪdənt	ˈæksɪdənt
noise	nɔɪz	nɔɪz
environment	ɪnˈvɑːrənmənt	ɪnˈvɑːrənmənt
since	sɪns	sɪns
fight	faɪt	faɪt
mind	maɪnd	maɪnd
French	frentʃ	frentʃ
itself	ɪtˈself	ɪtˈself
break	breɪk	breɪk
head	hed	hed
slowly	ˈsləʊli	ˈsləʊli
speak	spiːk	spiːk
loudly	ˈlaʊdli	ˈlaʊdli
law	lɔː	lɔː
advice	ədˈvaɪs	ədˈvaɪs
attention	əˈtenʃn	əˈtenʃn
pool	puːl	puːl
mess	mɛs	mɛs
angry	ˈæŋɡri	ˈæŋɡri
loud	laʊd	laʊd
mean	miːn	miːn
behavior	bɪˈhɛrvjə(r)	bɪˈhɛrvjə(r)
subway	ˈsʌbweɪ	ˈsʌbweɪ
dollar	ˈdɒlər	ˈdɒlər
director	dɪˈrektə(r)	dɪˈrektə(r)
postman	ˈpəʊstmən	ˈpəʊstmən
builder	ˈbɪldə(r)	ˈbɪldə(r)
artist	ˈɑːtɪst	ˈɑːtɪst
guide	ɡaɪd	ɡaɪd
pilot	ˈpaɪlət	ˈpaɪlət
scientist	ˈsaɪəntɪst	ˈsaɪəntɪst
send	send	send
letter	ˈletə(r)	ˈletə(r)
paint	peɪnt	peɪnt
eraser	ɪˈreɪzə(r)	ɪˈreɪzə(r)
tool	tuːl	tuːl
actor	ˈæktə(r)	ˈæktə(r)
actress	ˈæktrəs	ˈæktrəs
produce	prəˈdjuːs	prəˈdjuːs
believe	bɪˈliːv	bɪˈliːv
sick	sɪk	sɪk
thanks	θæŋks	θæŋks
vet	vet	vet
excellent	ˈeksələnt	ˈeksələnt
dancer	ˈdɑːnsə(r)	ˈdɑːnsə(r)
lively	ˈlaɪvlɪ	ˈlaɪvlɪ
news	njuːz	njuːz
reporter	rɪˈpɔːtə(r)	rɪˈpɔːtə(r)
maybe	ˈmeɪbi	ˈmeɪbi
report	rɪˈpɔːt	rɪˈpɔːt
blind	blaɪnd	blaɪnd
patient	ˈpeɪʃnt	ˈpeɪʃnt
band	bænd	bænd
ticket	ˈtɪkɪt	ˈtɪkɪt
crazy	ˈkreɪzɪ	ˈkreɪzɪ
surprised	səˈpraɪzd	səˈpraɪzd
gain	ɡeɪn	ɡeɪn
argue	ˈɑːrɡjuː	ˈɑːɡjuː
luckily	ˈlʌkli	ˈlʌkli
notice	ˈnəʊtɪs	ˈnəʊtɪs
relationship	rɪˈleɪʃnʃp	rɪˈleɪʃnʃp
accept	əkˈsept	əkˈsept
anymore	ˌenɪˈmɔː(r)	ˌænɪˈmɔː(r)
review	rɪˈvjuː	rɪˈvjuː
robot	ˈrəʊbɑːt	ˈrəʊbɒt
similar	ˈsɪmələ(r)	ˈsɪmələ(r)
manage	ˈmænɪdʒ	ˈmænɪdʒ
avoid	əˈvɔɪd	əˈvɔɪd
balance	ˈbæləns	ˈbæləns
nest	nest	nest
Mount	maʊnt	maʊnt
lie	laɪ	laɪ
province	ˈprɑːvɪns	ˈprɒvɪns
east	iːst	iːst
ceremony	ˈsɜːməʊni	ˈsɜːməni
Olympics	ˈɒlɪmpɪks	ˈɒlɪmpɪks
central	ˈsɛntrəl	ˈsɛntrəl
south-east	ˌsaʊθˈiːst	ˌsaʊθˈiːst
yet	jet	jet
quite	kwaɪt	kwaɪt
already	əˈledi	əˈledi
south-west	ˌsaʊθˈwest	ˌsaʊθˈwest
length	lɛŋkθ	lɛŋkθ
round	raʊnd	raʊnd
palace	ˈpæləs	ˈpæləs
lotus	ˈlɒtəs	ˈlɒtəs
rich	rɪtʃ	rɪtʃ
culture	ˈkʌltʃə(r)	ˈkʌltʃə(r)
cultural	ˈkʌltʃərəl	ˈkʌltʃərəl
average	ˈævərɪdʒ	ˈævərɪdʒ
saying	ˈseɪɪŋ	ˈseɪɪŋ
heaven	ˈheɪvn	ˈheɪvn
above	əˈbʌv	əˈbʌv
below	bɪˈləʊ	bɪˈləʊ
landscape	ˈlændskeɪp	ˈlændskeɪp
broken	ˈbrəʊkən	ˈbrəʊkən
traveler	ˈtreɪvələ(r)	ˈtreɪvələ(r)
bicycle	ˈbaɪslaɪk	ˈbaɪslaɪk
landmark	ˈlændmɑːrk	ˈlændmɑːk
whole	həʊl	həʊl
material	məˈtɪəriəl	məˈtɪəriəl
structure	ˈstrʌktʃə(r)	ˈstrʌktʃə(r)
surely	ˈʃʊərli	ˈʃʊəli
sail	seɪl	seɪl
dining	ˈdaɪnɪŋ	ˈdaɪnɪŋ
field	fiːld	fiːld
terrace	ˈterəs	ˈterəs
pig	pɪɡ	pɪɡ
message	ˈmesɪdʒ	ˈmesɪdʒ
view	vjuː	vjuː
countryside	ˈkʌntrisaɪd	ˈkʌntrisaɪd
system	ˈsɪstəm	ˈsɪstəm
lean	liːn	liːn
fix	fɪks	fɪks
base	beɪs	beɪs
firm	fɜːm	fɜːm
beach	biːtʃ	biːtʃ
hostess	ˈhɒstəs	ˈhɒstəs
expect	ɪkˈspekt	ɪkˈspekt
warn	wɔːrn	wɔːn
forward	ˈfɔːrwəd	ˈfɔːwəd
Indian	ˈɪndiən	ˈɪndiən
enemy	ˈenəmi	ˈenəmi
stone	stəʊn	stəʊn
soldier	ˈsəʊldʒə(r)	ˈsəʊldʒə(r)
quickly	ˈkwɪkli	ˈkwɪkli
watchtower	ˈwɔːtˌfəʊər	ˈwɒtˌfəʊə(r)
wisdom	ˈwɪzdəm	ˈwɪzdəm
trade	treɪd	treɪd
route	raʊt	ruːt
nation	ˈneɪʃn	ˈneɪʃn
site	saɪt	saɪt
emperor	ˈempərə(r)	ˈempərə(r)
wife	waɪf	waɪf
wives	waɪvz	waɪvz
empress	ˈemprəs	ˈemprəs
visitor	ˈvɪzɪtə(r)	ˈvɪzɪtə(r)
tea	tiː	tiː
government	ˈɡʌvənmənt	ˈɡʌvənmənt
protection	prəˈtekʃn	prəˈtekʃn
Roman	ˈrəʊmən	ˈrəʊmən
finish	ˈfɪnɪʃ	ˈfɪnɪʃ
thick	θɪk	θɪk
flat	flæt	flæt
natural	ˈnætʃrəl	ˈnætʃrəl
beyond	bɪˈjɑːnd	bɪˈpɒnd
universe	ˈjuːnɪvɜːs	ˈjuːnɪvɜːs
rocket	ˈrɑːkɪt	ˈrɒkɪt
satellite	ˈsætɪleɪt	ˈsætɪleɪt
object	ˈɑːbɪdʒɪkt	ˈɒbɪdʒɪkt
solar	ˈsəʊlər	ˈsəʊlər
warmth	wɔːrmθ	wɔːmθ
man-made	ˌmænˈmeɪd	ˌmænˈmeɪd
surface	ˈsɜːrfɪs	ˈsɜːfs
degree	dɪˈɡriː	dɪˈɡriː
Celsius	ˈselsiəs	ˈselsiəs
electricity	ɪˈlektrɪsi	ɪˈlektrɪsi
heat	heɪt	heɪt
spoon	spuːn	spuːn
telescope	ˈtelɪskəʊp	ˈtelɪskəʊp
appear	əˈpɪə(r)	əˈpɪə(r)
ha	hɑː	hɑː
daytime	ˈdeɪtaɪm	ˈdeɪtaɪm
diameter	daɪˈæmɪtə(r)	daɪˈæmɪtə(r)
asteroid	ˈæstərɔɪd	ˈæstərɔɪd
belt	belt	belt
separate	ˈsepəreɪt	ˈsepəreɪt
inner	ˈɪnə(r)	ˈɪnə(r)
outer	ˈaʊtə(r)	ˈaʊtə(r)
Mercury	ˈmɜːrkəri	ˈmɜːkjəri
Venus	ˈviːnəs	ˈviːnəs
Mars	mɑːrz	mɑːz
include	ɪnˈkʌljuːd	ɪnˈkʌljuːd
Jupiter	ˈdʒuːpɪtə(r)	ˈdʒuːpɪtə(r)
Saturn	ˈsætəsn	ˈsætəsn
Uranus	ˈjʊərəʊnəs	ˈjʊərəʊnəs
Neptune	ˈneɪptjuːn	ˈneɪptjuːn
rock	rɑːk	rɒk
gas	ɡæs	ɡæs
inside	ɪnˈsaɪd	ɪnˈsaɪd
least	liːst	liːst
power	ˈpaʊə(r)	ˈpaʊə(r)
mainly	ˈmeɪnli	ˈmeɪnli
nor	nɔː(r)	nɔː(r)
distance	ˈdɪs təns	ˈdɪs təns
minus	ˈmaɪnəs	ˈmaɪnəs
survive	sərˈvaɪv	səˈvaɪv
alive	əˈlaɪv	əˈlaɪv
responsibility	rɪˈspɒnsəblɪtɪ	rɪˈspɒnsəblɪtɪ
related	rɪˈleɪtɪd	rɪˈleɪtɪd
exploration	ɪkˈsplɔːrɪʃn	ɪkˈsplɔːrɪʃn
development	dɪˈveləpmənt	dɪˈveləpmənt
industry	ˈɪndʌstri	ˈɪndʌstri
fill	fɪl	fɪl
due	duː	djuː
death	dɛθ	dɛθ
valley	ˈvæli	ˈvæli
rainfall	ˈraɪnfl	ˈraɪnfl
low	ləʊ	ləʊ
rise	raɪz	raɪz
although	əˈðəʊ	əˈðəʊ
common	ˈkɑːmən	ˈkɒmən
file	faɪl	faɪl
born	bɔːrn	bɔːn
publish	ˈpʌblɪʃ	ˈpʌblɪʃ
prove	pruːv	pruːv
strange	streɪndʒ	streɪndʒ
comet	ˈkɑːmet	ˈkɒmet
snowball	ˈsnəʊbɔːl	ˈsnəʊbɔːl
Pluto	ˈpluːtəʊ	ˈpluːtəʊ
freeze	friːz	friːz
being	ˈbiːɪŋ	ˈbiːɪŋ
railway	ˈreɪlweɪ	ˈreɪlweɪ
modern	ˈmɑːdn	ˈmɒdn
future	ˈfjuːtʃə(r)	ˈfjuːtʃə(r)
alarm	əˈlɑːrm	əˈlɑːm
receive	rɪˈsiːv	rɪˈsiːv
sofa	ˈsəʊfə	ˈsəʊfə
fireman	ˈfaɪərmən	ˈfaɪəmən
firemen	ˈfaɪərmən	ˈfaɪəmən
uniform	ˈjuːnɪfərm	ˈjuːnɪfəm
rush	rʌʃ	rʌʃ
dangerous	ˈdeɪndʒərəs	ˈdeɪndʒərəs
brave	breɪv	breɪv
tiny	ˈtaɪni	ˈtaɪni
pioneer	ˈpaɪənsɪə(r)	ˈpaɪənsə(r)
journey	ˈdʒɔːnɪ	ˈdʒɔːni
training	ˈtreɪnɪŋ	ˈtreɪnɪŋ
without	wɪˈtaʊt	wɪˈtaʊt
ready	ˈredi	ˈredi
nearly	ˈnɜːli	ˈnɪəli
chance	tʃæns	tʃɑːns
spaceship	ˈspeɪsʃɪp	ˈspeɪsʃɪp
succeed	səkˈsiːd	səkˈsiːd
act	ækt	ækt
especially	ɪˈspeʃəli	ɪˈspeʃəli
quality	ˈkwɑːləti	ˈkwɒləti
according	əˈkɔːrdɪŋ tu	əˈkɔːdɪŋ tu
grandpa	ˈɡrænpɑː	ˈɡrænpɑː
grandfather	ˈɡrænfɑːðə(r)	ˈɡrænfɑːðə(r)
piano	piˈænəʊ	piˈænəʊ
movie	ˈmuːvi	ˈmuːvi
illness	ˈɪlnəs	ˈɪlnəs
explorer	ɪkˈsplɔːrə(r)	ɪkˈsplɔːrə(r)
curious	ˈkjʊəriəs	ˈkjʊəriəs
secret	ˈsiːkrət	ˈsiːkrət
tomorrow	təˈmɑːrəʊ	təˈmɔːrəʊ
opinion	əˈpɪnjən	əˈpɪnjən
course	kɔːrs	kɔːs
officer	ˈɑːfɪsər	ˈɒfɪsə(r)
vote	vəʊt	vəʊt
choose	tʃuːz	tʃuːz
lawyer	ˈlɔɪə(r)	ˈlɔɪə(r)
competition	kɑːmpəˈtɪʃn	kɒmpəˈtɪʃn
encourage	ɪnˈkɔːrɪdʒ	ɪnˈkɔːrɪdʒ
proud	praʊd	praʊd
success	səkˈsɛs	səkˈsɛs
zookeeper	ˈzʊːkiːpə(r)	ˈzʊːkiːpə(r)
achieve	əˈtʃiːv	əˈtʃiːv
design	dɪˈzaɪn	dɪˈzaɪn
model	ˈmɑːdl	ˈmɒdl
scientific	ˌsaɪənˈtɪfɪk	ˌsaɪənˈtɪfɪk
knowledge	ˈnɑːlɪdʒ	ˈnɒlɪdʒ
challenge	ˈtʃælɪndʒ	ˈtʃælɪndʒ
however	ˈhaʊˈevə(r)	ˈhaʊˈevə(r)
shelf	ʃelf	ʃelf
shelves	ˈʃelvz	ˈʃelvz
reader	ˈriːdə(r)	ˈriːdə(r)
record	ˈrekərd	ˈrekɔːd
dentist	ˈdentɪst	ˈdentɪst
reason	ˈriːzn	ˈriːzn
research	riˈsɜːtʃ	rɪˈsɜːtʃ
tourist	ˈtʊərɪst	ˈtʊərist
speech	spiːtʃ	spiːtʃ
term	tɜːrm	tɜːm
waitress	ˈweɪtrəs	ˈweɪtrəs
greet	ɡriːt	ɡriːt
guest	ɡest	ɡest
smile	smɪl	smɪl
lead	liːd	liːd
boring	ˈbɔːrɪŋ	ˈbɔːrɪŋ
customer	ˈkʌstəmə(r)	ˈkʌstəmə(r)
conversation	ˌkɑːnˈvərˈseɪʃn	ˌkɒnvəˈseɪʃn
manager	ˈmænɪdʒə(r)	ˈmænɪdʒə(r)
noisy	ˈnɔɪzi	ˈnɔɪzi
simple	ˈsɪmpl	ˈsɪmpl
successful	səkˈsɛsfəl	səkˈsɛsfəl
literature	ˈlɪtrətʃər	ˈlɪtrətʃər
calligraphy	kəˈlɪɡrəfi	kəˈlɪɡrəfi
swan	swɑːn	swɒn
west	west	west
teahouse	ˈtiːhaʊs	ˈtiːhaʊs
ballet	bæˈleɪ	ˈbæleɪ
century	ˈsentʃəri	ˈsentʃəri
express	ɪkˈspres	ɪkˈspres
spirit	ˈspɪrɪt	ˈspɪrɪt
classic	ˈklæsɪk	ˈklæsɪk
novel	ˈnɑːvəl	ˈnɒvəl
oil	ɔɪl	ɔɪl
calligrapher	kəˈlɪɡrəfə(r)	kəˈlɪɡrəfə(r)
ancient	ˈeɪnʃənt	ˈeɪnʃənt
photography	fəʊˈtɑːɡrəfi	fəʊtəɡrəfi
wood	wʊd	wʊd
sand	sænd	sænd
correct	kəˈrekt	kəˈrekt
wow	wəʊ	wəʊ
pity	ˈpɪti	ˈpɪti
type	ˈtaɪp	ˈtaɪp
musical	ˈmjuːzɪkl	ˈmjuːzɪkl
instrument	ˈɪnstrəmənt	ˈɪnstrəmənt
string	strɪŋ	strɪŋ
beat	biːt	biːt
keyboard	ˈkiːbɔːrd	ˈkiːbɔːd
violin	ˈvaɪlɪn	ˈvaɪlɪn
belong	bɪˈlɔːŋ	bɪˈlɒŋ
drum	drʌm	drʌm
trumpet	ˈtrʌmpɪt	ˈtrʌmpɪt
language	ˈlæŋɡwɪdʒ	ˈlæŋɡwɪdʒ
allow	əˈləʊ	əˈləʊ
communicate	kəˈmjuːnɪkeɪt	kəˈmjuːnɪkeɪt
feeling	ˈfiːlɪŋ	ˈfiːlɪŋ
relax	rɪˈlæks	rɪˈlæks
afraid	əˈfreɪd	əˈfreɪd
medium	ˈmiːdiəm	ˈmiːdiəm
media	ˈmiːdiə	ˈmiːdiə
eye	aɪ	aɪ
pigeon	ˈpɪdʒən	ˈpɪdʒən
opera	ˈɑːprə	ˈɒprə
strict	strɪkt	strɪkt
perfect	ˈpɜːrfɪkt	ˈpɜːfɪkt
painter	ˈpeɪntə(r)	ˈpeɪntə(r)
popular	ˈpɑːpjələr	ˈpɒpjələ(r)
sentence	ˈsentəns	ˈsentəns
huge	hjuːdʒ	hjuːdʒ
gate	ɡeɪt	ɡeɪt
tower	ˈtaʊə(r)	ˈtaʊə(r)
value	ˈvæljuː	ˈvæljuː
northern	ˈnɔːrðən	ˈnɔːðən
dynasty	ˈdaɪnəsti	ˈdɪnəsti
amazing	əˈmeɪzɪŋ	əˈmeɪzɪŋ
centimetre	ˈsentɪmiːtə(r)	ˈsentɪmiːtə(r)
pull	pʊl	pʊl
shout	ʃaʊt	ʃaʊt
riverside	ˈrɪvərsaɪd	ˈrɪvəsraɪd
riverbank	ˈrɪvərbæŋk	ˈrɪvəbæŋk
mark	mɑːrk	mɑːk
explore	ɪkˈsplɔː(r)	ɪkˈsplɔː(r)
crowd	kraʊd	kraʊd
besides	bɪˈsaɪdz	bɪˈsaɪdz
nothing	ˈnʌθɪŋ	ˈnʌθɪŋ
anybody	ˈeniˌbɑːdi	ˈeniˌbɒdi
nobody	ˈnəʊbɒdi	ˈnəʊbɒdi
anything	ˈeniθɪŋ	ˈeniθɪŋ
harm	hɑːrm	hɑːm
somewhere	ˈsʌmwər	ˈsʌmweə(r)
someone	ˈsʌmwʌn	ˈsʌmwʌn
somebody	ˈsʌmbɒdi	ˈsʌmbɒdi
anywhere	ˈeniwər	ˈeniweə(r)
create	kriˈekt	kriˈekt
magical	ˈmaɪdʒɪkəl	ˈmaɪdʒɪkəl
unknown	ʌnˈnəʊn	ʌnˈnəʊn
anytime	ˈeniˌtaɪm	ˈeniˌtaɪm
magic	ˈmaɪdʒɪk	ˈmaɪdʒɪk
impossible	ɪmˈpɑːsəbl	ɪmˈpɒsəbl
concert	ˈkɑːnsət	ˈkɒnsət
sweet	swiːt	swiːt
fat	fæt	fæt
awful	ˈɔːfl	ˈɔːfl
folk	fɔːk	fɔːk
shape	ʃeɪp	ʃeɪp
character	ˈkærəktə(r)	ˈkærəktə(r)
upside	ˈʌpsaɪd	ˈʌpsaɪd
symbol	ˈsɪmbl	ˈsɪmbl
clay	kleɪ	kleɪ
immediately	ɪˈmiːdiətli	ɪˈmiːdiətli
mask	mæsk	mɑːsk
role	rəʊl	rəʊl
style	staɪl	staɪl
among	əˈmʌŋ	əˈmʌŋ
fan	fæn	fæn
pleasant	ˈpleznt	ˈpleznt
stadium	ˈstedɪəm	ˈstedɪəm
creative	ˈkriːətɪv	ˈkriːətɪv
musician	mjuːˈziːʃn	mjuːˈziːʃn
relaxed	rɪˈlæksɪd	rɪˈlæksɪd
operate	ˈɑːpəreɪt	ˈɒpəreɪt
control	kənˈtrəʊl	kənˈtrəʊl
electronic	ɪˌlekˈtrɑːnɪk	ɪˌlekˈtrɒnɪk
photographer	fəʊˈtɑːgrəfər	fəʊˈtgrəfə(r)
sportswoman	ˈspɔːtswʊmən	ˈspɔːtswʊmən
sportswomen	ˈspɔːtswɪmɪn	ˈspɔːtswɪmən
singer	ˈsɪŋə(r)	ˈsɪŋə(r)
cough	kɔːf	kɒf
fever	ˈfiːvə(r)	ˈfiːvə(r)
sore	sɔː(r)	sɔː(r)
throat	θrəʊt	θrəʊt
headache	ˈhedək	ˈhedək
toothache	ˈtuːθek	ˈtuːθek
stomachache	ˈstʌməkek	ˈstʌməkek
temperature	ˈtempərətʃər	ˈtempərətʃə(r)
medicine	ˈmedɪsn	ˈmedɪn
slim	slɪm	slɪm
diet	ˈdaɪət	ˈdaɪət
screen	skriːn	skriːn
sugar	ˈʃʊɡə(r)	ˈʃʊɡə(r)
ache	ætʃ	ætʃ
examine	ɪɡˈzeɪmɪn	ɪɡˈzeɪmɪn
hamburger	ˈhæmbɜːɡər	ˈhæmbɜːɡə(r)
chip	tʃɪp	tʃɪp
fried	friːd	friːd
pork	pɔːrk	pɔːk
pepper	ˈpepə(r)	ˈpepə(r)
iced	aɪst	aɪst
Coke	kəʊk	kəʊk
pill	pɪl	pɪl
outgoing	aʊtˈɡəʊɪŋ	aʊtˈɡəʊɪŋ
shy	ʃaɪ	ʃaɪ
snack	snæk	snæk
chocolate	ˈtʃəklət	ˈtʃɒklət
cookie	ˈkʊki	ˈkʊki
ice cream	ˌaɪs ˈkriːm	ˈaɪs kriːm
cream	kriːm	kriːm
jogging	ˈdʒɒɡɪŋ	ˈdʒɒɡɪŋ
lazy	ˈleɪzi	ˈleɪzi
condition	kənˈdɪʃn	kənˈdɪʃn
uncomfortable	ʌnˈkʌmftəbl	ʌnˈkʌmftəbl
diary	ˈdaɪəri	ˈdaɪəri
positive	ˈpɑːzətɪv	ˈpɒzətɪv
benefit	ˈbenɪfɪt	ˈbenɪfɪt
mood	muːd	muːd
volleyball	ˈvɑːlɪbɔːl	ˈvɒlɪbɔːl
energy	ˈenədʒi	ˈenədʒi
glad	ɡlæd	ɡlæd
confident	ˈkɑːnfɪdənt	ˈkɒnfɪdənt
absent	ˈæbsənt	ˈæbsənt
moment	ˈməʊmənt	ˈməʊmənt
oneself	wʌnˈself	wʌnˈself
seem	siːm	siːm
unhealthy	ʌnˈhelθi	ʌnˈhelθi
empty	ˈempti	ˈempti
stomach	ˈstʌmək	ˈstʌmək
living	ˈlɪvɪŋ	ˈlɪvɪŋ
nonsense	ˈnɑːnsns	ˈnɒnsns
improper	ɪmˈprɑːpər	ɪmˈprɒpə(r)
clearly	ˈklɪrli	ˈklɪəli
sleepy	ˈsliːpi	ˈsliːpi
worse	wɔːrs	wɔːs
rid	rɪd	rɪd
fridge	fridʒ	fridʒ
refrigerator	rɪˈfridʒəreɪtə(r)	rɪˈfridʒəreɪtə(r)
weight	weɪt	weɪt
potato	pəˈteɪtəʊ	pəˈteɪtəʊ
corn	kɔːrn	kɔːn
candy	ˈkændi	ˈkændi
biscuit	ˈbɪskɪt	ˈbɪskɪt
beef	biːf	biːf
cucumber	ˈkjuːkʌmbə(r)	ˈkjuːkʌmbə(r)
lifestyle	ˈlaɪfstæl	ˈlaɪfstæl
prefer	prɪˈfɜː(r)	prɪˈfɜː(r)
bean	biːn	biːn
though	ðəʊ	ðəʊ
method	ˈmeθəd	ˈmeθəd
focus	ˈfəʊkəs	ˈfəʊkəs
smell	smel	smel
mostly	ˈməʊstli	ˈməʊstli
sauce	sɔːs	sɔːs
serve	sɜːrv	sɜːv
hobby	ˈhʌbi	ˈhɒbi
hurry	ˈhɜːri	ˈhʌri
mad	mæd	mæd
fit	fɪt	fɪt
physical	ˈfɪzɪkl	ˈfɪzɪkl
balanced	ˈbæləsnst	ˈbæləsnst
runner	ˈrʌnə(r)	ˈrʌnə(r)
spread	spred	spred
vision	ˈvɪʒn	ˈvɪʒn
touch	tʌtʃ	tʌtʃ
soft	sɔːft	sɒft
calm	kɑːm	kɑːm
fool	fuːl	fuːl
regret	rɪˈɡret	rɪˈɡret
breath	breθ	breθ
upset	ʌpˈset	ʌpˈset
nervous	ˈnɜːrvəs	ˈnɜːvəs
sense	sens	sens
flu	fluː	fluː
Chinatown	ˈtʃaɪnətəʊn	ˈtʃaɪnətəʊn
firework	ˈfaɪəɹwɜːk	ˈfaɪəwɜːk
keeper	ˈkiːpə(r)	ˈkiːpə(r)
lonely	ˈlɒnli	ˈlɒnli
push	pʊʃ	pʊʃ
snake	sneɪk	sneɪk
miss	mɪs	mɪs
recommend	ˌrekəˈmend	ˌrekəˈmend
laugh	læf	lɑːf
happily	ˈhæpəli	ˈhæpəli
period	ˈpɪriəd	ˈpɪəriəd
teenage	ˈtiːniːdʒ	ˈtiːniːdʒ
stage	steɪdʒ	steɪdʒ
purpose	ˈpɜːrəʊs	ˈpɜːpəs
teenager	ˈtiːniːdʒə(r)	ˈtiːniːdʒə(r)
reach	riːtʃ	riːtʃ
height	haɪt	haɪt
hair	ˈhɛər	heə(r)
pain	peɪn	peɪn
stress	stres	stres
pressure	ˈpreʃə(r)	ˈpreʃə(r)
deal	diːl	diːl
compare	kəmˈper	kəmˈpeə(r)
shine	ʃaɪn	ʃaɪn
discover	dɪˈskʌvə(r)	dɪˈskʌvə(r)
memory	ˈmeməri	ˈmeməri
junior	ˈdʒuːniə(r)	ˈdʒuːniə(r)
trouble	ˈtrʌbl	ˈtrʌbl
email	ˈiːmeɪl	ˈiːmeɪl
detail	ˈdiːteɪl	ˈdiːteɪl
advise	ədˈvaɪz	ədˈvaɪz
congratulation	kənˌɡrætʃəˈleɪʃn	kənˌɡrætʃəˈleɪʃn
disappointed	ˌdɪsəˈpɔɪntɪd	ˌdɪsəˈpɔɪntɪd
honest	ˈɑːnɪst	ˈɒnɪst
gather	ˈɡæðə(r)	ˈɡæðə(r)
courage	ˈkɔːrɪdʒ	ˈkɔːrɪdʒ
spare	spɛr	spɛə(r)
cellphone	ˈselfəʊn	ˈselfəʊn
boss	bɒs	bɒs
careless	ˈkɛrələs	ˈkɛrələs
joy	dʒɔɪ	dʒɔɪ
comfortable	ˈkʌmfətəbl	ˈkʌmfətəbl
smoke	sməʊk	sməʊk
youth	juːθ	juːθ
might	maɪt	maɪt
bathroom	ˈbæθroʊm	ˈbɑːθroʊm
jog	dʒɑːɡ	dʒɒɡ
postcard	ˈpɒstkɑːrd	ˈpɒstkɑːd
